{"cameraMode":{"drawMode":0,"name":"Shaded","section":"Shading Mode"},"sceneLighting":true,"audioPlay":false,"sceneViewState":{"m_AlwaysRefresh":false,"showFog":true,"showSkybox":true,"showFlares":true,"showImageEffects":true,"showParticleSystems":true,"showVisualEffectGraphs":true,"m_FxEnabled":true},"in2DMode":false,"pivot":{"x":506.16448974609377,"y":336.11572265625,"z":-18.731353759765626},"rotation":{"x":0.02068699337542057,"y":0.014094702899456025,"z":0.0002918538812082261,"w":-0.9996891021728516},"size":237.1172332763672,"orthographic":false}